{"name":"f4742181-3db5-40f4-b6f4-155483a1f7c6","id":"/providers/Microsoft.Flow/flows/f4742181-3db5-40f4-b6f4-155483a1f7c6","type":"Microsoft.Flow/flows","properties":{"apiId":"/providers/Microsoft.PowerApps/apis/shared_logicflows","displayName":"VM Afterhours","definition":{"metadata":{"workflowEntityId":null,"flowclientsuspensionreason":"None","flowclientsuspensiontime":null,"creator":{"id":"3375b103-734b-4d40-a92b-b7e377f768b4","type":"User","tenantId":"2aa5d84a-5cbf-4604-8c64-512919bd73ac"},"provisioningMethod":"FromDefinition","failureAlertSubscription":true,"clientLastModifiedTime":"2020-12-03T07:09:20.5410836Z"},"$schema":"https://schema.management.azure.com/providers/Microsoft.Logic/schemas/2016-06-01/workflowdefinition.json#","contentVersion":"1.0.0.0","parameters":{"$connections":{"defaultValue":{},"type":"Object"},"$authentication":{"defaultValue":{},"type":"SecureObject"}},"triggers":{"When_a_new_email_arrives_to_a_group":{"recurrence":{"frequency":"Minute","interval":5},"splitOn":"@triggerOutputs()?['body/value']","type":"OpenApiConnection","inputs":{"host":{"apiId":"/providers/Microsoft.PowerApps/apis/shared_office365groupsmail","connectionName":"shared_office365groupsmail","operationId":"OnNewEmailInGroup"},"parameters":{"groupId":"d33ea1fc-64ee-48b4-8f34-85c19f33381e"},"authentication":"@parameters('$authentication')"}}},"actions":{"Apply_to_each":{"foreach":"@triggerOutputs()?['body/threads']","actions":{"Get_a_conversation_thread":{"runAfter":{},"type":"OpenApiConnection","inputs":{"host":{"apiId":"/providers/Microsoft.PowerApps/apis/shared_office365groupsmail","connectionName":"shared_office365groupsmail","operationId":"GetConversationThread"},"parameters":{"groupId":"d33ea1fc-64ee-48b4-8f34-85c19f33381e","threadId":"@items('Apply_to_each')?['id']"},"authentication":"@parameters('$authentication')"}},"Apply_to_each_2":{"foreach":"@triggerOutputs()?['body/threads']","actions":{"Apply_to_each_3":{"foreach":"@items('Apply_to_each_2')?['posts']","actions":{"Get_a_thread_post":{"runAfter":{},"type":"OpenApiConnection","inputs":{"host":{"apiId":"/providers/Microsoft.PowerApps/apis/shared_office365groupsmail","connectionName":"shared_office365groupsmail","operationId":"GetThreadPost"},"parameters":{"groupId":"d33ea1fc-64ee-48b4-8f34-85c19f33381e","threadId":"@items('Apply_to_each_2')?['id']","postId":"@items('Apply_to_each_3')?['id']"},"authentication":"@parameters('$authentication')"}},"Apply_to_each_4":{"foreach":"@outputs('Get_a_thread_post')?['body/attachments']","actions":{"Send_an_email_(V2)":{"runAfter":{},"type":"OpenApiConnection","inputs":{"host":{"apiId":"/providers/Microsoft.PowerApps/apis/shared_office365","connectionName":"shared_office365","operationId":"SendEmailV2"},"parameters":{"emailMessage/To":"admin@mbcedu.onmicrosoft.com","emailMessage/Subject":"VM received from Afterhours","emailMessage/Body":"<p>A new Voice Mail has been received from the <strong>After Hours </strong>call queue.<br>\nFurther call information, when available, is below:<br>\n<br>\nCaller ID: @{outputs('Get_a_thread_post')?['body/from/emailAddress/name']}<br>\nDate/Time: @{convertFromUtc(utcNow(),'W. Australia Standard Time', 'dd/MM/yyyy hh:mm')}<br>\nTranscription:<br>\n<br>\n@{outputs('Get_a_thread_post')?['body/body/content']}</p>","emailMessage/Attachments":[{"Name":"@items('Apply_to_each_4')?['name']","ContentBytes":"@items('Apply_to_each_4')?['contentBytes']"}]},"authentication":"@parameters('$authentication')"}}},"runAfter":{"Get_a_thread_post":["Succeeded"]},"type":"Foreach"}},"runAfter":{},"type":"Foreach"}},"runAfter":{"Get_a_conversation_thread":["Succeeded"]},"type":"Foreach"},"Delete_a_conversation_thread":{"runAfter":{"Apply_to_each_2":["Succeeded"]},"type":"OpenApiConnection","inputs":{"host":{"apiId":"/providers/Microsoft.PowerApps/apis/shared_office365groupsmail","connectionName":"shared_office365groupsmail","operationId":"DeleteConversationThread"},"parameters":{"groupId":"d33ea1fc-64ee-48b4-8f34-85c19f33381e","threadId":"@items('Apply_to_each')?['id']"},"authentication":"@parameters('$authentication')"}}},"runAfter":{},"type":"Foreach"}},"outputs":{}},"connectionReferences":{"shared_office365groupsmail":{"connectionName":"shared-office365grou-672fff68-2598-436f-b548-0d7c-353d3789","source":"Embedded","id":"/providers/Microsoft.PowerApps/apis/shared_office365groupsmail","tier":"NotSpecified"},"shared_office365":{"connectionName":"shared-office365-2374f63b-d455-4706-a217-f7ec-ff3f74ea","source":"Embedded","id":"/providers/Microsoft.PowerApps/apis/shared_office365","tier":"NotSpecified"}},"flowFailureAlertSubscribed":false}}